{"cameraMode":{"drawMode":0,"name":"Shaded","section":"Shading Mode"},"sceneLighting":true,"audioPlay":false,"sceneViewState":{"m_AlwaysRefresh":false,"showFog":true,"showSkybox":true,"showFlares":true,"showImageEffects":true,"showParticleSystems":true,"showVisualEffectGraphs":true,"m_FxEnabled":true},"in2DMode":false,"pivot":{"x":270.11553955078127,"y":4.628208637237549,"z":85.26993560791016},"rotation":{"x":0.2820606231689453,"y":0.07444159686565399,"z":-0.02191852033138275,"w":0.9563201665878296},"size":11.763768196105957,"orthographic":false}